Workbook

Sheet Лист1
B1: Название риска | C1: Описание риска | D1: Причина | E1: Условия реализации | F1: Последствия | G1: Вероятность | H1: Ущерб | I1: Критичность исходная | J1: Меры | K1: Вероятность целевая | L1: Целевое время устранения последствий | M1: Ущерб целевой | N1: Цена реализации мероприятий | O1: Ущерб итоговый целевой | P1: Критичность итоговая целевая | Q1: Кратность за период | R1: Итоговый ущерб исходный | S1: Итоговый ущерб целевой
A2: 1 | B2: Отказ одного экземпляра веб-приложения | C2: Один из экземпляров портала перестает отвечать на запросы балансировщика. | D2: Утечка памяти и остановка по нехватке ОЗУ; аварийное завершение процесса; сбой ОС или гипервизора на узле; исчерпание файловых дескрипторов. | E2: Приложение запущено в единственном экземпляре либо балансировщик не исключает неработающий узел из ротации. | F2: Часть запросов завершается ошибкой, личный кабинет и прием платежей недоступны до ручного перезапуска. | G2: 5 крайне высокая | H2: 2 умеренный | I2: =Расчеты!D2&" "&Расчеты!L2 -> 10 высокая | J2: Два и более идентичных экземпляра за Nginx; проверка доступности узла; исключение неработающего узла после трех неудач; перевод трафика на живой узел за две секунды; автоматический перезапуск в оркестраторе. | K2: 5 крайне высокая | L2: до 2 секунд на переключение трафика; потери данных нет | M2: 1 незначительный | N2: 140 тыс. руб./год | O2: 145 тыс. руб./год | P2: =Расчеты!G2&" "&Расчеты!M2 -> 5 умеренная | Q2: =Расчеты!J2 -> 3 | R2: =Расчеты!H2*Расчеты!J2 -> 1500 | S2: =Расчеты!I2*Расчеты!J2+Расчеты!K2 -> 155
A3: 2 | B3: Потеря виртуальной машины с базой данных | C3: Утрачена машина, на которой хранятся абоненты, тарифы, платежи и обращения. | D3: Отказ системы хранения; повреждение файловой системы; удаление машины провайдером или по ошибке; выход из строя диска. | E3: База развернута в одном экземпляре на одной машине, резервные копии не создаются или не проверялись на восстановление. | F3: Полная остановка сервиса, безвозвратная потеря истории платежей, претензии абонентов и регулятора. | G3: 1 крайне низкая | H3: 5 катастрофический | I3: =Расчеты!D3&" "&Расчеты!L3 -> 5 умеренная | J3: Потоковая репликация на вторую машину с автоматическим переключением; ежесуточные резервные копии с хранением 30 дней на отдельном хранилище; ежемесячная проверка восстановления; данные на отдельном томе, а не внутри контейнера. | K3: 1 крайне низкая | L3: до 1 часа на восстановление; потеря данных не более 5 минут | M3: 2 умеренный | N3: 200 тыс. руб./год | O3: 500 тыс. руб./год | P3: =Расчеты!G3&" "&Расчеты!M3 -> 2 низкая | Q3: =Расчеты!J3 -> 0.1 | R3: =Расчеты!H3*Расчеты!J3 -> 800 | S3: =Расчеты!I3*Расчеты!J3+Расчеты!K3 -> 230
A4: 3 | B4: Отказ хранилища сессий и массовый разлогин | C4: Redis недоступен, все авторизованные пользователи одновременно теряют сессию. | D4: Исчерпание памяти; перезапуск узла; сетевой разрыв между приложением и хранилищем; повреждение файла дозаписи. | E4: Хранилище развернуто в одном экземпляре без реплики и без сохранения на диск. | F4: Массовый разлогин 1,2 млн пользователей, всплеск обращений в поддержку, личный кабинет недоступен. | G4: 4 высокая | H4: 2 умеренный | I4: =Расчеты!D4&" "&Расчеты!L4 -> 8 умеренная | J4: Включена дозапись на диск; реплика и автоматическое переключение через Sentinel; приложение продолжает отдавать публичные страницы при недоступном хранилище; проба готовности выводит узел из ротации. | K4: 4 высокая | L4: до 30 секунд на переключение; потеря данных не более 1 секунды | M4: 1 незначительный | N4: 90 тыс. руб./год | O4: 120 тыс. руб./год | P4: =Расчеты!G4&" "&Расчеты!M4 -> 4 низкая | Q4: =Расчеты!J4 -> 1.5 | R4: =Расчеты!H4*Расчеты!J4 -> 600 | S4: =Расчеты!I4*Расчеты!J4+Расчеты!K4 -> 135
A5: 4 | B5: Отказ единственного балансировщика | C5: Узел с Nginx недоступен, портал не открывается целиком, хотя все узлы приложения работают. | D5: Сбой машины балансировщика; ошибка в конфигурации при выкатке; исчерпание числа соединений; отказ сетевого интерфейса. | E5: Балансировщик развернут в одном экземпляре и является единственной точкой входа. | F5: Полная недоступность портала для всех пользователей независимо от состояния приложения. | G5: 4 высокая | H5: 3 существенный | I5: =Расчеты!D5&" "&Расчеты!L5 -> 12 высокая | J5: Второй балансировщик и DNS-балансировка на два адреса; плавающий адрес через keepalived; проверка конфигурации до применения; раскатка через Ansible, а не вручную. | K5: 4 высокая | L5: до 5 минут на переключение адреса | M5: 1 незначительный | N5: 150 тыс. руб./год | O5: 190 тыс. руб./год | P5: =Расчеты!G5&" "&Расчеты!M5 -> 4 низкая | Q5: =Расчеты!J5 -> 1 | R5: =Расчеты!H5*Расчеты!J5 -> 750 | S5: =Расчеты!I5*Расчеты!J5+Расчеты!K5 -> 190
A6: 5 | B6: Истечение или отзыв TLS-сертификата | C6: Браузеры блокируют вход на портал из-за недействительного сертификата. | D6: Пропущен срок продления; сломалась автоматизация выпуска; удостоверяющий центр отозвал сертификат; рассинхронизация времени на узле. | E6: Сертификат продлевается вручную, срок действия никем не контролируется. | F6: Пользователи видят предупреждение безопасности и уходят, мобильное приложение перестает работать с интерфейсом. | G6: 3 средняя | H6: 3 существенный | I6: =Расчеты!D6&" "&Расчеты!L6 -> 9 умеренная | J6: Автоматическое продление за 30 дней до истечения; оповещение по остатку срока действия; резервный сертификат от второго центра; сертификаты только на балансировщике, приложение их не обрабатывает. | K6: 1 крайне низкая | L6: до 15 минут на замену сертификата | M6: 1 незначительный | N6: 40 тыс. руб./год | O6: 60 тыс. руб./год | P6: =Расчеты!G6&" "&Расчеты!M6 -> 1 низкая | Q6: =Расчеты!J6 -> 0.5 | R6: =Расчеты!H6*Расчеты!J6 -> 500 | S6: =Расчеты!I6*Расчеты!J6+Расчеты!K6 -> 50
A7: 6 | B7: Распределенная атака или всплеск трафика | C7: Входящий поток запросов многократно превышает расчетный и исчерпывает ресурсы узлов. | D7: Целенаправленная атака; рекламная кампания или авария у конкурента; агрессивные боты и сборщики данных. | E7: Нет ограничения частоты запросов, нет кэширования, число экземпляров фиксировано. | F7: Отказ в обслуживании законных пользователей, потеря платежей в пиковый период. | G7: 4 высокая | H7: 2 умеренный | I7: =Расчеты!D7&" "&Расчеты!L7 -> 8 умеренная | J7: Ограничение частоты и числа соединений на балансировщике; кэширование публичных страниц; быстрое увеличение числа экземпляров; защита на стороне провайдера; раздельные группы для интерфейса и статики. | K7: 4 высокая | L7: до 10 минут; деградация скорости вместо полного отказа | M7: 1 незначительный | N7: 180 тыс. руб./год | O7: 240 тыс. руб./год | P7: =Расчеты!G7&" "&Расчеты!M7 -> 4 низкая | Q7: =Расчеты!J7 -> 2 | R7: =Расчеты!H7*Расчеты!J7 -> 1000 | S7: =Расчеты!I7*Расчеты!J7+Расчеты!K7 -> 300
A8: 7 | B8: Выкатка неработоспособного релиза | C8: Новая версия приложения ломает вход, оплату или миграцию базы данных. | D8: Непроверенный код; несовместимая миграция схемы; ошибка в конфигурации окружения; выкатка сразу на все узлы. | E8: Нет автоматических тестов, обновление выполняется одновременно везде без проверки работоспособности. | F8: Сервис недоступен или повреждены данные, требуется срочный откат. | G8: 5 крайне высокая | H8: 2 умеренный | I8: =Расчеты!D8&" "&Расчеты!L8 -> 10 высокая | J8: Автоматические тесты и линтер на каждое изменение; пошаговое обновление по одному экземпляру с задержкой; проверка здоровья останавливает выкатку; автоматический откат; только обратно совместимые миграции. | K8: 2 низкая | L8: до 5 минут на автоматический откат | M8: 1 незначительный | N8: 60 тыс. руб./год | O8: 80 тыс. руб./год | P8: =Расчеты!G8&" "&Расчеты!M8 -> 2 низкая | Q8: =Расчеты!J8 -> 4 | R8: =Расчеты!H8*Расчеты!J8 -> 1500 | S8: =Расчеты!I8*Расчеты!J8+Расчеты!K8 -> 140
A9: 8 | B9: Ошибочные действия персонала | C9: Инженер удаляет стек, том с данными или таблицу на продуктивной среде. | D9: Работа под административной учетной записью; отсутствие разграничения прав; выполнение команд вручную; спешка при инциденте. | E9: Прямой доступ к продуктивным узлам, нет подтверждения опасных операций и нет проверенных резервных копий. | F9: Потеря данных и длительный простой, восстановление вручную. | G9: 4 высокая | H9: 4 тяжелый | I9: =Расчеты!D9&" "&Расчеты!L9 -> 16 высокая | J9: Роли и ограниченные учетные записи в Portainer вместо общего администратора; изменения через описания инфраструктуры, а не руками; резервные копии с проверкой восстановления; журналирование действий администраторов. | K9: 2 низкая | L9: до 1 часа на восстановление; потеря данных не более 5 минут | M9: 2 умеренный | N9: 70 тыс. руб./год | O9: 320 тыс. руб./год | P9: =Расчеты!G9&" "&Расчеты!M9 -> 4 низкая | Q9: =Расчеты!J9 -> 1 | R9: =Расчеты!H9*Расчеты!J9 -> 2000 | S9: =Расчеты!I9*Расчеты!J9+Расчеты!K9 -> 320
A10: 9 | B10: Переполнение диска на узле | C10: Свободное место на узле заканчивается, службы перестают писать и останавливаются. | D10: Неограниченный рост журналов контейнеров; резервные копии складываются на тот же диск; временные файлы не удаляются. | E10: Нет ротации журналов и нет контроля свободного места. | F10: Отказ приложения и базы данных на узле, возможное повреждение файлов данных. | G10: 4 высокая | H10: 3 существенный | I10: =Расчеты!D10&" "&Расчеты!L10 -> 12 высокая | J10: Ротация журналов с ограничением размера и числа файлов; оповещение при заполнении диска на 80 процентов; резервные копии на отдельное хранилище; регулярная очистка неиспользуемых образов. | K10: 1 крайне низкая | L10: до 20 минут на освобождение места | M10: 1 незначительный | N10: 30 тыс. руб./год | O10: 45 тыс. руб./год | P10: =Расчеты!G10&" "&Расчеты!M10 -> 1 низкая | Q10: =Расчеты!J10 -> 1.5 | R10: =Расчеты!H10*Расчеты!J10 -> 1125 | S10: =Расчеты!I10*Расчеты!J10+Расчеты!K10 -> 52.5
A11: 10 | B11: Позднее обнаружение инцидента | C11: О сбое узнают от пользователей и из социальных сетей, а не от системы мониторинга. | D11: Нет сбора метрик и оповещений; журналы разрознены по узлам; никто не дежурит вне рабочего дня. | E11: Мониторинг не развернут либо развернут без правил оповещения. | F11: Каждый инцидент длится на несколько часов дольше, растет суммарный простой и отток абонентов. | G11: 5 крайне высокая | H11: 2 умеренный | I11: =Расчеты!D11&" "&Расчеты!L11 -> 10 высокая | J11: Prometheus со сбором метрик со всех узлов и метриками приложения; панели Grafana; правила оповещения с отправкой в мессенджер; Portainer для быстрого просмотра журналов и потребления ресурсов. | K11: 2 низкая | L11: обнаружение за 2 минуты вместо 2 часов | M11: 1 незначительный | N11: 120 тыс. руб./год | O11: 170 тыс. руб./год | P11: =Расчеты!G11&" "&Расчеты!M11 -> 2 низкая | Q11: =Расчеты!J11 -> 4 | R11: =Расчеты!H11*Расчеты!J11 -> 2000 | S11: =Расчеты!I11*Расчеты!J11+Расчеты!K11 -> 320
A12: 11 | B12: Компрометация учетных данных и утечка персональных данных | C12: Злоумышленник получает доступ к базе абонентов через утекшие секреты. | D12: Пароли и ключи в репозитории или в переменных окружения; отсутствие двухфакторной аутентификации; повторное использование паролей; уязвимость в базовом образе. | E12: Секреты хранятся в открытом виде, доступ к панели управления не ограничен по сети. | F12: Утечка персональных данных 1,2 млн пользователей, оборотный штраф, потеря доверия и отток абонентов. | G12: 2 низкая | H12: 5 катастрофический | I12: =Расчеты!D12&" "&Расчеты!L12 -> 10 высокая | J12: Секреты оркестратора вместо переменных окружения; исключение файлов с паролями из репозитория и их поиск при сборке; двухфакторная аутентификация администраторов; регулярное обновление базовых образов; доступ к панелям только из внутренней сети. | K12: 1 крайне низкая | L12: до 4 часов на смену ключей и локализацию | M12: 2 умеренный | N12: 80 тыс. руб./год | O12: 380 тыс. руб./год | P12: =Расчеты!G12&" "&Расчеты!M12 -> 2 низкая | Q12: =Расчеты!J12 -> 0.3 | R12: =Расчеты!H12*Расчеты!J12 -> 1500 | S12: =Расчеты!I12*Расчеты!J12+Расчеты!K12 -> 170

Sheet Расчеты
A1: № | B1: Балл вероятности | C1: Балл ущерба | D1: Критичность исходная | E1: Балл вероятности целевой | F1: Балл ущерба целевого | G1: Критичность итоговая целевая | H1: Ущерб, тыс. руб. | I1: Ущерб целевой, тыс. руб. | J1: Кратность за период | K1: Цена мероприятий, тыс. руб./год | L1: Метка критичности исходной | M1: Метка критичности целевой
A2: 1 | B2: 5 | C2: 2 | D2: =B2*C2 -> 10 | E2: 5 | F2: 1 | G2: =E2*F2 -> 5 | H2: 500 | I2: 5 | J2: 3 | K2: 140 | L2: =IF(D2>=17,"критическая",IF(D2>=10,"высокая",IF(D2>=5,"умеренная","низкая"))) -> высокая | M2: =IF(G2>=17,"критическая",IF(G2>=10,"высокая",IF(G2>=5,"умеренная","низкая"))) -> умеренная
A3: 2 | B3: 1 | C3: 5 | D3: =B3*C3 -> 5 | E3: 1 | F3: 2 | G3: =E3*F3 -> 2 | H3: 8000 | I3: 300 | J3: 0.1 | K3: 200 | L3: =IF(D3>=17,"критическая",IF(D3>=10,"высокая",IF(D3>=5,"умеренная","низкая"))) -> умеренная | M3: =IF(G3>=17,"критическая",IF(G3>=10,"высокая",IF(G3>=5,"умеренная","низкая"))) -> низкая
A4: 3 | B4: 4 | C4: 2 | D4: =B4*C4 -> 8 | E4: 4 | F4: 1 | G4: =E4*F4 -> 4 | H4: 400 | I4: 30 | J4: 1.5 | K4: 90 | L4: =IF(D4>=17,"критическая",IF(D4>=10,"высокая",IF(D4>=5,"умеренная","низкая"))) -> умеренная | M4: =IF(G4>=17,"критическая",IF(G4>=10,"высокая",IF(G4>=5,"умеренная","низкая"))) -> низкая
A5: 4 | B5: 4 | C5: 3 | D5: =B5*C5 -> 12 | E5: 4 | F5: 1 | G5: =E5*F5 -> 4 | H5: 750 | I5: 40 | J5: 1 | K5: 150 | L5: =IF(D5>=17,"критическая",IF(D5>=10,"высокая",IF(D5>=5,"умеренная","низкая"))) -> высокая | M5: =IF(G5>=17,"критическая",IF(G5>=10,"высокая",IF(G5>=5,"умеренная","низкая"))) -> низкая
A6: 5 | B6: 3 | C6: 3 | D6: =B6*C6 -> 9 | E6: 1 | F6: 1 | G6: =E6*F6 -> 1 | H6: 1000 | I6: 20 | J6: 0.5 | K6: 40 | L6: =IF(D6>=17,"критическая",IF(D6>=10,"высокая",IF(D6>=5,"умеренная","низкая"))) -> умеренная | M6: =IF(G6>=17,"критическая",IF(G6>=10,"высокая",IF(G6>=5,"умеренная","низкая"))) -> низкая
A7: 6 | B7: 4 | C7: 2 | D7: =B7*C7 -> 8 | E7: 4 | F7: 1 | G7: =E7*F7 -> 4 | H7: 500 | I7: 60 | J7: 2 | K7: 180 | L7: =IF(D7>=17,"критическая",IF(D7>=10,"высокая",IF(D7>=5,"умеренная","низкая"))) -> умеренная | M7: =IF(G7>=17,"критическая",IF(G7>=10,"высокая",IF(G7>=5,"умеренная","низкая"))) -> низкая
A8: 7 | B8: 5 | C8: 2 | D8: =B8*C8 -> 10 | E8: 2 | F8: 1 | G8: =E8*F8 -> 2 | H8: 375 | I8: 20 | J8: 4 | K8: 60 | L8: =IF(D8>=17,"критическая",IF(D8>=10,"высокая",IF(D8>=5,"умеренная","низкая"))) -> высокая | M8: =IF(G8>=17,"критическая",IF(G8>=10,"высокая",IF(G8>=5,"умеренная","низкая"))) -> низкая
A9: 8 | B9: 4 | C9: 4 | D9: =B9*C9 -> 16 | E9: 2 | F9: 2 | G9: =E9*F9 -> 4 | H9: 2000 | I9: 250 | J9: 1 | K9: 70 | L9: =IF(D9>=17,"критическая",IF(D9>=10,"высокая",IF(D9>=5,"умеренная","низкая"))) -> высокая | M9: =IF(G9>=17,"критическая",IF(G9>=10,"высокая",IF(G9>=5,"умеренная","низкая"))) -> низкая
A10: 9 | B10: 4 | C10: 3 | D10: =B10*C10 -> 12 | E10: 1 | F10: 1 | G10: =E10*F10 -> 1 | H10: 750 | I10: 15 | J10: 1.5 | K10: 30 | L10: =IF(D10>=17,"критическая",IF(D10>=10,"высокая",IF(D10>=5,"умеренная","низкая"))) -> высокая | M10: =IF(G10>=17,"критическая",IF(G10>=10,"высокая",IF(G10>=5,"умеренная","низкая"))) -> низкая
A11: 10 | B11: 5 | C11: 2 | D11: =B11*C11 -> 10 | E11: 2 | F11: 1 | G11: =E11*F11 -> 2 | H11: 500 | I11: 50 | J11: 4 | K11: 120 | L11: =IF(D11>=17,"критическая",IF(D11>=10,"высокая",IF(D11>=5,"умеренная","низкая"))) -> высокая | M11: =IF(G11>=17,"критическая",IF(G11>=10,"высокая",IF(G11>=5,"умеренная","низкая"))) -> низкая
A12: 11 | B12: 2 | C12: 5 | D12: =B12*C12 -> 10 | E12: 1 | F12: 2 | G12: =E12*F12 -> 2 | H12: 5000 | I12: 300 | J12: 0.3 | K12: 80 | L12: =IF(D12>=17,"критическая",IF(D12>=10,"высокая",IF(D12>=5,"умеренная","низкая"))) -> высокая | M12: =IF(G12>=17,"критическая",IF(G12>=10,"высокая",IF(G12>=5,"умеренная","низкая"))) -> низкая
A14: Лист с расчетами. Лист1 ссылается сюда формулами, править нужно здесь.
A15: Вероятность и ущерб оценены по пятибалльной шкале; критичность равна произведению баллов.
A16: Шкала критичности: до 4 низкая, 5-9 умеренная, 10-16 высокая, 17 и выше критическая.
A17: Кратность за период — ожидаемое число реализаций риска за год.
A18: Итоговый ущерб исходный = ущерб × кратность. Итоговый ущерб целевой = ущерб целевой × кратность + цена мероприятий.
A19: Все денежные величины указаны в тысячах рублей за год.
A20: База расчета: простой портала стоит 250 тыс. руб. за час недоступности.
A21: Компания учебная, все показатели являются допущениями автора.
